origin,distance_nm,month,bunker_price_usd,pressure_index,freight_rate_usd
Australia,4500,11,800.69,58.8,27.5
South Africa,3800,5,736.4,66.0,22.88
Australia,4500,2,779.92,81.0,29.33
Australia,4500,9,624.84,59.8,25.86
Australia,4500,12,870.55,35.1,25.82
Australia,4500,4,733.27,23.0,21.04
South Africa,3800,5,682.18,20.9,18.36
Australia,4500,10,555.16,64.5,25.29
South Africa,3800,7,739.6,74.2,26.85
Australia,4500,4,632.22,53.8,23.52
South Africa,3800,6,531.27,74.7,21.07
USA,8500,8,725.36,53.9,48.67
USA,8500,5,659.92,37.6,39.05
Australia,4500,12,619.36,39.3,25.1
Australia,4500,9,875.28,70.2,28.25
Indonesia,2200,1,738.15,80.2,17.98
Indonesia,2200,12,830.72,60.5,16.07
Australia,4500,8,759.73,58.4,29.16
Australia,4500,3,690.0,27.8,22.44
South Africa,3800,7,534.56,66.2,25.28
Australia,4500,12,558.84,22.0,21.09
South Africa,3800,5,609.75,46.7,21.03
Indonesia,2200,4,859.43,58.9,15.63
South Africa,3800,9,557.98,49.7,20.57
Australia,4500,4,841.32,55.1,25.42
Australia,4500,9,814.49,75.9,27.86
Australia,4500,8,712.27,51.5,27.31
Australia,4500,11,636.35,53.7,26.83
Indonesia,2200,1,543.36,36.5,14.23
Indonesia,2200,5,622.54,22.4,11.36
South Africa,3800,2,667.97,22.1,19.15
Indonesia,2200,5,696.2,84.1,15.27
Australia,4500,4,549.11,44.0,23.13
South Africa,3800,2,748.07,54.8,21.54
Australia,4500,1,574.26,53.0,26.2
Australia,4500,4,525.97,53.3,23.75
Australia,4500,7,582.77,64.9,29.03
Australia,4500,12,784.68,33.6,24.79
South Africa,3800,10,612.86,62.9,22.05
South Africa,3800,2,878.65,82.8,26.39
South Africa,3800,11,587.93,38.1,21.52
Indonesia,2200,6,800.76,61.7,15.45
Australia,4500,8,802.72,63.5,29.08
USA,8500,9,521.82,30.5,37.11
South Africa,3800,6,681.43,84.6,23.54
Australia,4500,8,825.72,62.7,30.37
South Africa,3800,12,703.17,61.4,24.44
USA,8500,3,841.14,61.0,45.28
Indonesia,2200,1,727.69,52.0,15.81
Australia,4500,3,796.68,22.8,21.35
USA,8500,5,838.06,68.6,47.65
South Africa,3800,3,872.92,24.9,19.89
Australia,4500,7,616.65,51.5,26.39
Indonesia,2200,3,725.22,26.3,11.55
South Africa,3800,6,649.11,36.5,18.95
Indonesia,2200,9,772.89,43.4,13.08
Australia,4500,7,671.12,36.7,25.36
Australia,4500,4,807.39,62.2,26.59
Indonesia,2200,12,839.18,21.8,12.65
Indonesia,2200,3,687.62,55.3,15.63
Australia,4500,10,829.75,36.3,22.35
Indonesia,2200,12,597.7,60.5,15.77
Australia,4500,4,668.09,65.5,25.73
South Africa,3800,10,548.24,21.6,17.38
USA,8500,7,674.19,64.8,49.93
Australia,4500,9,757.67,38.2,23.17
USA,8500,7,756.56,48.3,47.82
Australia,4500,12,536.56,22.6,22.09
Indonesia,2200,4,583.12,21.1,12.31
Australia,4500,5,663.46,60.0,25.56
South Africa,3800,2,613.92,21.0,17.97
South Africa,3800,4,741.71,81.4,24.98
USA,8500,12,730.88,81.1,51.3
South Africa,3800,1,812.03,73.3,26.93
South Africa,3800,1,866.03,78.8,27.25
Australia,4500,8,658.74,64.3,28.78
Australia,4500,3,621.47,27.7,21.99
Indonesia,2200,4,670.46,82.9,16.97
South Africa,3800,5,790.22,72.4,23.92
Australia,4500,7,729.0,76.4,31.38
South Africa,3800,12,674.44,68.8,24.41
USA,8500,4,817.52,40.8,42.08
Indonesia,2200,1,539.25,82.3,16.45
USA,8500,4,726.44,61.1,45.34
South Africa,3800,3,736.88,56.0,21.77
USA,8500,10,540.72,55.7,41.35
South Africa,3800,7,716.53,65.9,26.08
Indonesia,2200,8,546.19,73.4,17.11
Indonesia,2200,5,704.8,35.2,13.8
Indonesia,2200,1,861.01,84.1,18.34
Indonesia,2200,6,774.95,51.3,15.34
Australia,4500,3,560.03,52.0,23.0
Australia,4500,12,725.73,68.2,29.07
Indonesia,2200,3,730.01,82.5,16.58
Australia,4500,1,549.84,54.3,26.53
USA,8500,5,535.62,80.1,45.37
USA,8500,4,719.39,83.0,50.32
Indonesia,2200,1,745.92,58.0,16.15
USA,8500,9,849.49,82.3,50.55
Australia,4500,5,619.86,32.2,21.46
South Africa,3800,10,602.58,37.3,18.57
South Africa,3800,1,620.71,46.7,21.56
South Africa,3800,3,816.11,81.7,25.51
South Africa,3800,8,835.6,55.9,26.69
Australia,4500,8,655.53,72.7,29.09
USA,8500,11,724.87,24.1,41.42
Australia,4500,1,524.92,24.9,22.34
Indonesia,2200,3,719.96,70.0,16.63
USA,8500,10,656.03,35.7,38.5
Australia,4500,4,602.31,63.7,24.61
South Africa,3800,12,616.72,21.4,17.2
Indonesia,2200,2,826.79,55.9,14.68
South Africa,3800,11,665.25,28.7,21.45
Australia,4500,6,742.21,83.7,28.96
South Africa,3800,2,661.21,48.4,20.64
South Africa,3800,8,847.77,39.4,24.39
South Africa,3800,1,861.83,29.6,21.68
Australia,4500,8,536.51,60.4,28.21
Australia,4500,11,728.67,42.2,24.13
South Africa,3800,11,569.98,61.7,24.56
Australia,4500,8,668.2,76.8,31.14
South Africa,3800,3,534.71,31.0,18.49
Australia,4500,6,551.93,27.8,20.02
Australia,4500,10,768.54,22.6,21.58
Indonesia,2200,9,767.6,53.3,14.23
Australia,4500,4,810.23,68.6,26.52
Australia,4500,8,694.43,60.2,28.56
Indonesia,2200,11,610.88,66.4,14.52
Indonesia,2200,11,711.56,27.0,14.6
Australia,4500,9,785.47,31.8,21.26
South Africa,3800,1,596.12,41.3,22.45
Indonesia,2200,2,551.29,54.9,14.41
South Africa,3800,8,731.15,56.7,24.12
Indonesia,2200,2,607.97,52.4,13.14
Australia,4500,9,605.4,26.6,20.86
Australia,4500,11,551.64,72.4,27.32
Australia,4500,9,548.88,54.1,23.89
Australia,4500,2,727.36,79.6,27.78
Australia,4500,6,612.85,31.1,22.03
South Africa,3800,8,691.58,74.5,26.93
Australia,4500,10,636.52,47.7,22.57
Australia,4500,10,796.4,25.7,22.26
South Africa,3800,4,635.43,58.6,21.15
South Africa,3800,10,876.39,41.0,19.92
Indonesia,2200,1,569.98,20.2,12.65
South Africa,3800,3,645.59,80.4,23.1
Indonesia,2200,12,667.07,80.6,17.57
Indonesia,2200,12,823.06,29.1,14.0
Indonesia,2200,12,578.92,30.7,13.78
South Africa,3800,4,633.83,58.2,22.26
Indonesia,2200,8,678.09,44.5,14.31
Indonesia,2200,1,603.6,78.5,16.5
Australia,4500,5,846.33,60.6,25.59
Australia,4500,1,712.05,78.1,30.47
Indonesia,2200,6,790.87,66.0,15.06
Australia,4500,2,794.49,77.0,28.29
Australia,4500,6,713.13,44.6,25.29
South Africa,3800,8,573.97,34.9,21.12
Indonesia,2200,2,524.39,58.9,15.1
South Africa,3800,4,585.38,79.0,23.57
South Africa,3800,8,672.49,38.7,23.24
Australia,4500,2,740.12,21.2,21.52
Indonesia,2200,12,556.8,79.7,17.4
Australia,4500,9,672.69,67.9,26.53
USA,8500,6,847.85,28.0,39.31
Australia,4500,7,851.5,76.5,32.09
South Africa,3800,8,738.84,44.7,23.31
Indonesia,2200,10,640.06,45.9,14.01
South Africa,3800,11,852.27,50.3,24.42
South Africa,3800,11,682.88,29.2,20.6
Australia,4500,7,579.58,22.2,24.07
Australia,4500,10,524.71,63.1,24.04
Australia,4500,4,685.24,56.2,24.98
Australia,4500,7,734.34,24.4,25.47
Indonesia,2200,11,807.92,42.7,16.51
Australia,4500,8,731.48,39.1,26.22
Indonesia,2200,2,708.78,48.6,14.79
Australia,4500,1,640.37,24.9,21.53
Indonesia,2200,10,617.47,61.9,14.27
Australia,4500,2,832.12,46.5,24.79
South Africa,3800,3,603.19,63.7,21.57
Indonesia,2200,8,555.8,35.8,14.77
Indonesia,2200,8,810.47,82.6,17.76
Australia,4500,10,550.78,33.5,20.96
Australia,4500,3,729.89,47.4,23.43
Australia,4500,7,532.32,74.0,28.76
Australia,4500,9,677.01,39.1,23.6
Indonesia,2200,1,694.52,53.3,15.35
Indonesia,2200,2,748.05,36.8,13.46
USA,8500,10,844.21,64.9,46.96
Indonesia,2200,6,849.15,27.7,12.01
South Africa,3800,9,699.09,66.8,23.17
Australia,4500,6,569.28,78.5,26.62
South Africa,3800,9,697.94,57.3,22.52
Indonesia,2200,5,657.93,53.7,13.91
South Africa,3800,10,544.57,74.4,22.67
South Africa,3800,4,778.86,39.3,19.98
Indonesia,2200,6,568.6,51.4,15.4
Australia,4500,4,578.32,74.7,26.37
South Africa,3800,9,547.05,67.3,21.22
South Africa,3800,11,735.38,49.9,23.74
USA,8500,1,862.09,49.0,47.26
Australia,4500,8,793.02,61.5,30.48
South Africa,3800,8,609.88,51.8,24.36
Australia,4500,10,538.57,63.5,24.71
USA,8500,10,724.46,79.5,47.89
Australia,4500,5,783.17,32.5,22.79
Indonesia,2200,4,824.04,40.7,13.22
Indonesia,2200,1,754.06,43.7,14.36
Indonesia,2200,11,642.35,67.1,17.9
Australia,4500,8,714.22,71.4,31.22
Indonesia,2200,10,835.6,47.1,13.34
South Africa,3800,2,527.66,76.9,23.12
Indonesia,2200,7,523.41,23.4,13.51
Australia,4500,5,692.72,57.7,24.69
Australia,4500,7,708.11,67.6,29.03
Australia,4500,8,623.41,39.3,24.55
Indonesia,2200,12,864.31,71.9,16.54
Australia,4500,12,670.33,77.1,29.23
South Africa,3800,9,787.61,24.2,19.6
South Africa,3800,6,738.79,53.3,21.33
Australia,4500,1,864.62,73.7,30.11
Indonesia,2200,6,868.88,77.4,16.19
Indonesia,2200,1,575.4,73.0,15.49
Australia,4500,8,789.23,22.3,23.39
Australia,4500,9,535.98,75.4,25.3
Australia,4500,8,855.37,67.8,30.66
Australia,4500,11,780.43,52.2,26.59
Australia,4500,12,559.41,78.1,28.48
USA,8500,3,645.21,64.1,44.82
South Africa,3800,1,836.31,71.8,26.71
Indonesia,2200,9,640.24,35.5,13.2
USA,8500,4,742.7,68.9,46.34
Australia,4500,7,577.87,73.2,29.69
Indonesia,2200,12,522.3,38.7,13.89
South Africa,3800,2,748.24,55.1,22.0
Indonesia,2200,6,622.0,21.2,12.74
Australia,4500,5,556.9,80.9,26.46
Indonesia,2200,2,861.03,30.8,13.8
South Africa,3800,6,743.53,23.0,19.45
Indonesia,2200,12,789.87,28.5,14.99
Indonesia,2200,10,577.22,50.5,13.61
USA,8500,3,682.5,30.6,38.71
Australia,4500,2,798.22,35.0,23.93
Australia,4500,3,862.31,29.8,23.53
South Africa,3800,11,867.23,69.4,25.99
South Africa,3800,11,667.36,78.1,25.12
Australia,4500,9,777.37,56.6,25.17
South Africa,3800,11,868.55,32.1,22.22
Indonesia,2200,2,793.97,60.7,15.35
Australia,4500,5,848.26,82.9,29.03
Australia,4500,7,565.07,64.6,27.56
South Africa,3800,6,601.19,30.5,17.92
South Africa,3800,8,631.73,49.6,24.41
Australia,4500,2,764.96,45.7,25.08
USA,8500,9,534.26,51.2,40.76
Australia,4500,1,557.01,57.1,26.01
Australia,4500,1,721.47,20.6,22.65
Australia,4500,2,712.33,77.4,26.55
USA,8500,10,768.21,72.0,46.7
Australia,4500,7,761.34,81.9,33.4
South Africa,3800,9,775.26,76.6,25.15
Indonesia,2200,4,642.2,73.0,16.15
South Africa,3800,3,534.67,30.7,18.58
South Africa,3800,2,541.73,36.1,18.32
Indonesia,2200,7,535.72,30.5,13.67
Australia,4500,3,602.24,84.8,27.41
Australia,4500,3,599.4,47.2,23.41
Australia,4500,7,686.54,76.4,31.55
South Africa,3800,4,784.73,69.9,24.22
South Africa,3800,2,832.13,57.6,23.82
South Africa,3800,2,735.18,71.5,23.2
Indonesia,2200,3,733.25,79.3,16.38
South Africa,3800,1,567.36,66.5,22.9
USA,8500,7,747.71,44.2,45.86
Australia,4500,9,609.0,76.6,26.81
South Africa,3800,8,728.59,63.1,25.97
Australia,4500,12,612.93,62.7,26.64
Australia,4500,8,735.54,45.8,26.97
Indonesia,2200,6,581.11,53.8,13.38
Australia,4500,9,675.12,36.2,23.61
Australia,4500,4,656.57,59.4,25.6
Australia,4500,12,690.87,74.9,29.4
Indonesia,2200,12,714.37,22.2,14.14
USA,8500,9,711.22,80.9,48.78
Australia,4500,1,730.48,64.7,28.22
Australia,4500,2,867.44,20.3,22.13
Indonesia,2200,8,705.61,51.8,16.45
Indonesia,2200,4,565.27,28.6,11.79
Australia,4500,7,762.14,48.8,28.4
Indonesia,2200,6,611.91,63.0,14.52
Australia,4500,2,742.43,76.5,27.71
South Africa,3800,12,560.72,71.7,24.3
USA,8500,5,760.11,57.5,44.95
Australia,4500,2,879.79,23.1,22.4
Indonesia,2200,9,552.57,38.8,13.06
Australia,4500,2,665.49,41.3,23.81
Indonesia,2200,9,634.19,76.5,15.85
Australia,4500,6,753.67,41.3,24.59
South Africa,3800,3,659.88,49.2,21.91
Australia,4500,1,679.99,21.0,21.9
South Africa,3800,2,686.86,44.7,20.81
Indonesia,2200,2,692.51,21.7,11.46
Australia,4500,5,608.59,51.0,22.8
Australia,4500,7,812.67,66.7,31.28
Australia,4500,11,656.83,32.8,24.11
South Africa,3800,3,556.51,51.6,19.94
Australia,4500,12,714.1,40.2,24.57
South Africa,3800,2,663.97,83.5,24.24
Australia,4500,12,585.32,54.1,26.75
Indonesia,2200,8,805.63,32.0,14.98
Australia,4500,6,718.08,22.8,21.95
South Africa,3800,11,520.93,61.5,24.55
Indonesia,2200,10,582.92,43.5,13.51
USA,8500,8,647.23,35.4,43.73
Indonesia,2200,12,761.71,72.6,17.55
Indonesia,2200,10,682.64,58.1,14.84
Indonesia,2200,7,712.73,31.6,14.23
Australia,4500,3,738.55,55.5,24.85
South Africa,3800,9,875.6,28.9,19.19
Indonesia,2200,3,679.38,49.0,14.58
South Africa,3800,6,728.22,37.8,19.84
Australia,4500,8,752.3,58.7,28.16
Australia,4500,7,544.99,53.7,26.15
Australia,4500,5,545.18,61.6,24.9
Indonesia,2200,12,636.76,41.6,13.35
Indonesia,2200,7,656.25,43.6,15.37
Australia,4500,6,722.43,82.2,28.14
Australia,4500,9,581.37,46.6,23.96
Australia,4500,12,873.25,50.9,27.47
Australia,4500,7,663.75,29.9,25.73
South Africa,3800,6,612.54,71.2,22.77
Indonesia,2200,5,817.38,70.8,15.11
Australia,4500,5,644.68,35.5,21.79
South Africa,3800,3,662.91,49.1,21.14
USA,8500,11,726.85,56.8,49.01
Australia,4500,12,855.01,27.6,24.34
Indonesia,2200,6,570.86,33.8,13.36
Indonesia,2200,5,528.24,30.0,12.7
South Africa,3800,6,632.94,59.4,21.77
Australia,4500,6,818.56,40.6,23.55
South Africa,3800,4,568.66,82.6,23.69
South Africa,3800,12,632.25,52.9,22.15
South Africa,3800,11,743.05,62.3,24.36
Australia,4500,3,723.2,32.5,22.48
Indonesia,2200,8,627.05,48.0,14.62
Australia,4500,5,563.7,39.7,22.49
Australia,4500,4,747.95,34.9,22.55
Australia,4500,12,630.25,60.6,25.33
Australia,4500,4,665.73,62.5,26.07
Australia,4500,11,669.09,73.8,29.43
Australia,4500,2,568.17,47.2,23.61
Indonesia,2200,5,793.7,28.9,12.02
Australia,4500,2,746.55,32.9,22.85
Australia,4500,4,653.71,37.3,22.61
Australia,4500,5,695.77,29.8,23.5
Australia,4500,12,754.62,72.7,30.09
Australia,4500,10,841.15,82.1,29.2
Indonesia,2200,9,859.42,72.6,15.94
USA,8500,12,801.22,73.6,51.82
South Africa,3800,8,842.24,61.4,25.99
South Africa,3800,3,558.05,84.2,23.65
South Africa,3800,8,535.0,25.5,20.26
Australia,4500,8,532.81,53.1,26.9
Australia,4500,4,645.89,70.4,25.49
Australia,4500,5,717.86,74.0,27.46
Australia,4500,10,527.54,25.3,20.94
Australia,4500,2,523.75,36.6,22.55
Australia,4500,9,751.81,54.5,24.76
USA,8500,6,694.97,79.8,48.46
South Africa,3800,12,576.39,22.8,19.53
Australia,4500,8,675.55,48.6,26.77
South Africa,3800,6,618.56,80.3,23.55
Australia,4500,5,622.93,73.0,27.61
Indonesia,2200,1,613.04,55.4,14.4
USA,8500,8,720.81,31.7,44.81
Australia,4500,6,791.15,37.5,24.66
Australia,4500,5,781.35,73.2,27.7
Australia,4500,3,574.24,42.3,23.59
Indonesia,2200,3,627.12,56.7,13.89
Indonesia,2200,7,727.78,77.0,17.31
South Africa,3800,8,608.8,67.2,25.25
USA,8500,8,589.82,77.2,51.39
Indonesia,2200,7,741.39,64.7,17.94
Australia,4500,9,719.52,20.3,20.65
USA,8500,9,764.22,69.2,47.22
Indonesia,2200,6,835.59,84.8,16.25
Indonesia,2200,8,598.2,29.0,12.76
Indonesia,2200,6,770.42,20.2,11.35
Indonesia,2200,4,664.84,76.8,16.44
South Africa,3800,3,543.35,57.7,22.2
South Africa,3800,2,735.77,59.1,23.52
Australia,4500,3,699.37,25.0,21.45
Indonesia,2200,6,595.54,73.6,14.86
South Africa,3800,4,564.06,67.8,21.64
Australia,4500,12,784.84,84.9,30.32
USA,8500,1,671.65,61.4,47.3
South Africa,3800,12,658.18,57.2,23.53
South Africa,3800,9,723.6,83.7,24.93
South Africa,3800,6,618.31,53.7,20.51
Australia,4500,5,540.21,75.4,25.53
South Africa,3800,4,808.95,49.8,20.96
South Africa,3800,6,747.22,23.2,18.68
USA,8500,9,864.38,24.5,38.56
Australia,4500,6,614.21,36.1,22.08
Australia,4500,6,674.4,74.9,27.12
Australia,4500,9,695.53,22.2,21.29
South Africa,3800,7,551.11,35.4,20.9
Indonesia,2200,11,866.82,56.4,15.21
Indonesia,2200,10,872.64,29.4,12.91
Indonesia,2200,5,723.52,50.2,14.18
Australia,4500,9,527.93,66.8,25.13
South Africa,3800,9,826.22,56.5,21.91
Indonesia,2200,10,715.32,71.5,15.5
South Africa,3800,2,549.42,49.8,19.48
USA,8500,9,760.85,50.0,42.98
South Africa,3800,7,716.36,24.0,22.32
South Africa,3800,3,803.06,33.1,20.16
Australia,4500,4,716.15,69.3,26.81
Australia,4500,11,860.79,56.4,27.72
Indonesia,2200,1,529.78,24.2,13.41
South Africa,3800,4,807.4,44.2,21.19
South Africa,3800,11,656.95,70.4,23.53
Indonesia,2200,4,619.52,40.3,13.29
South Africa,3800,8,707.27,49.1,23.31
South Africa,3800,3,842.99,31.0,20.26
South Africa,3800,12,592.73,32.0,20.59
Australia,4500,4,807.49,82.9,29.31
Indonesia,2200,9,809.3,52.8,14.54
USA,8500,5,781.07,41.0,41.79
USA,8500,10,673.9,30.5,38.19
South Africa,3800,9,816.27,33.6,20.07
Australia,4500,3,587.47,75.8,26.42
Indonesia,2200,12,875.7,78.6,18.71
Indonesia,2200,9,648.81,52.1,13.68
Australia,4500,5,560.66,25.7,21.43
Indonesia,2200,3,571.11,42.6,14.2
Indonesia,2200,6,785.7,72.4,15.58
Indonesia,2200,11,748.29,28.2,13.05
Indonesia,2200,12,765.4,30.9,14.83
Indonesia,2200,1,821.33,38.2,15.66
South Africa,3800,6,649.74,24.5,19.13
Indonesia,2200,5,755.14,81.0,16.46
Indonesia,2200,2,754.28,76.8,16.27
Australia,4500,11,559.96,49.1,25.84
South Africa,3800,3,668.59,72.2,23.05
South Africa,3800,1,535.13,68.1,23.51
Indonesia,2200,3,870.2,73.7,16.46
Indonesia,2200,12,526.48,82.6,16.07
Indonesia,2200,12,748.63,49.2,15.99
Australia,4500,5,714.65,26.3,20.57
South Africa,3800,3,601.49,67.5,22.07
South Africa,3800,11,845.04,75.4,27.17
Indonesia,2200,7,711.27,74.5,18.94
Australia,4500,12,729.81,84.7,30.72
Australia,4500,4,599.28,51.7,24.57
Indonesia,2200,9,847.47,63.5,15.85
South Africa,3800,12,847.84,50.2,25.59
Australia,4500,3,841.31,48.8,26.21
South Africa,3800,3,605.48,53.3,21.81
Australia,4500,6,803.23,83.1,28.22
South Africa,3800,9,702.26,61.2,21.68
Australia,4500,9,521.05,22.6,20.74
Australia,4500,10,869.75,41.5,24.65
South Africa,3800,8,689.11,49.1,25.6
South Africa,3800,1,522.76,34.2,19.76
Australia,4500,12,622.57,50.1,24.76
Australia,4500,6,855.43,45.8,24.71
Australia,4500,9,814.55,54.6,25.76
Australia,4500,11,536.15,49.3,25.62
USA,8500,1,660.35,67.4,48.83
Australia,4500,1,816.56,82.1,31.6
Indonesia,2200,8,830.64,20.1,14.79
Australia,4500,4,767.17,27.4,22.59
Australia,4500,4,652.86,27.9,22.57
Australia,4500,10,635.59,68.7,25.6
South Africa,3800,9,752.72,77.7,24.25
Australia,4500,9,740.53,76.8,29.26
Indonesia,2200,11,786.75,54.4,16.15
South Africa,3800,11,694.96,57.5,24.24
Australia,4500,5,810.89,34.0,24.14
Australia,4500,5,769.3,47.9,24.48
Indonesia,2200,7,715.31,76.0,17.05
Australia,4500,3,828.72,79.6,28.9
South Africa,3800,8,840.27,20.8,21.58
Australia,4500,8,654.84,30.8,24.94
South Africa,3800,4,536.12,69.5,21.94
South Africa,3800,2,749.28,42.1,20.99
Australia,4500,11,632.04,64.0,26.35
Australia,4500,12,721.49,26.8,24.48
Australia,4500,2,694.81,21.8,21.53
Australia,4500,11,595.19,80.2,28.99
South Africa,3800,3,528.41,69.2,20.78
USA,8500,5,864.13,40.4,42.19
Indonesia,2200,4,878.15,55.4,15.13
Australia,4500,1,658.78,42.1,24.53
South Africa,3800,5,692.04,54.6,21.25
Indonesia,2200,3,628.84,36.9,12.53
Australia,4500,1,702.68,64.0,28.38
South Africa,3800,1,728.97,29.0,20.54
South Africa,3800,2,696.0,46.1,21.51
South Africa,3800,5,783.09,29.6,20.94
Indonesia,2200,5,715.49,34.8,13.29
Indonesia,2200,5,788.51,55.7,15.86
Australia,4500,8,619.28,77.0,30.67
South Africa,3800,6,731.94,44.4,20.82
Australia,4500,1,722.58,48.7,26.76
Australia,4500,1,831.61,83.7,31.55
South Africa,3800,3,736.76,58.4,22.16
USA,8500,8,827.43,48.5,50.59
Indonesia,2200,8,542.48,77.4,17.7
South Africa,3800,7,526.88,51.0,21.21
Indonesia,2200,11,833.94,54.3,16.88
Indonesia,2200,9,620.35,33.7,13.6
USA,8500,3,879.22,64.0,47.03
Australia,4500,1,643.04,61.1,27.71
Australia,4500,8,857.35,73.4,32.17
Indonesia,2200,8,663.68,67.0,17.19
Australia,4500,4,666.56,24.3,20.76
Indonesia,2200,2,522.19,26.6,11.81
Indonesia,2200,2,547.67,52.5,14.11
Australia,4500,2,775.64,63.3,26.96
Australia,4500,2,621.16,72.2,26.08
USA,8500,7,691.52,34.7,45.11
South Africa,3800,5,532.12,34.0,19.7
Australia,4500,7,701.11,49.2,27.33
South Africa,3800,8,719.68,61.4,23.91
Australia,4500,5,809.43,55.9,26.92
South Africa,3800,11,799.12,37.6,21.0
Australia,4500,2,779.82,37.7,23.46
South Africa,3800,9,520.05,53.2,20.23
Indonesia,2200,9,642.53,81.1,15.9
Australia,4500,12,556.68,43.4,24.92
Australia,4500,4,846.59,81.3,28.62
South Africa,3800,6,655.83,82.7,24.22
South Africa,3800,1,854.86,74.9,26.18
Indonesia,2200,7,611.52,76.9,17.2
Australia,4500,4,772.91,39.4,23.09
Australia,4500,3,748.36,85.0,28.57
Australia,4500,9,691.35,27.2,21.12
South Africa,3800,3,653.13,23.4,18.1
Indonesia,2200,2,596.32,62.7,15.43
South Africa,3800,8,753.18,71.8,27.38
Australia,4500,3,633.63,61.9,25.05
Australia,4500,8,688.54,57.6,29.25
Indonesia,2200,5,616.33,74.3,15.61
Australia,4500,5,847.98,74.5,28.28
Australia,4500,3,665.54,54.5,24.63
South Africa,3800,8,780.95,77.0,27.66
Indonesia,2200,7,798.64,70.2,17.57
South Africa,3800,10,828.57,57.4,22.56
Australia,4500,5,615.61,21.1,20.18
Australia,4500,1,786.05,34.5,25.64
South Africa,3800,5,752.73,83.3,26.01
Indonesia,2200,9,716.91,73.9,14.62
Australia,4500,11,629.05,24.3,23.24
Australia,4500,2,737.19,50.8,24.78
South Africa,3800,8,859.38,71.0,27.34
USA,8500,2,752.05,56.5,43.72
Indonesia,2200,7,570.69,60.5,16.65
Indonesia,2200,3,572.91,72.7,14.17
Indonesia,2200,11,811.55,81.6,18.83
Australia,4500,6,689.2,77.9,27.11
Australia,4500,5,699.03,35.0,22.75
Australia,4500,1,864.86,54.4,28.05
Indonesia,2200,5,743.53,80.4,15.09
Indonesia,2200,10,584.91,49.8,14.35
South Africa,3800,11,762.77,28.9,21.17
USA,8500,2,827.36,35.7,39.99
South Africa,3800,3,583.39,33.9,19.32
Australia,4500,6,588.44,71.5,25.88
USA,8500,7,661.41,75.5,53.44
Indonesia,2200,4,609.04,61.6,13.84
South Africa,3800,6,827.87,59.2,23.16
Indonesia,2200,4,648.53,80.2,16.18
Australia,4500,12,584.04,53.5,24.98
Indonesia,2200,6,674.33,21.9,13.53
Australia,4500,9,575.37,84.4,26.97
USA,8500,1,536.17,69.5,46.24
Indonesia,2200,3,540.77,48.9,12.39
Australia,4500,1,803.52,36.3,24.08
Indonesia,2200,2,844.81,77.0,16.89
USA,8500,7,702.14,34.4,44.87
Australia,4500,4,729.38,48.4,24.22
South Africa,3800,3,637.48,74.6,23.02
USA,8500,10,841.32,47.3,42.78
Indonesia,2200,10,840.0,55.4,14.44
Australia,4500,7,531.81,61.3,27.25
Australia,4500,10,858.68,52.9,26.58
Indonesia,2200,4,769.7,70.1,15.34
Indonesia,2200,3,705.64,50.1,13.96
South Africa,3800,9,520.0,47.1,20.31
South Africa,3800,5,780.33,33.0,20.64
Australia,4500,4,868.06,34.6,23.59
Indonesia,2200,9,825.43,47.5,13.6
Indonesia,2200,11,617.72,28.1,12.61
Australia,4500,6,666.07,34.3,22.54
Australia,4500,11,669.21,69.0,29.31
Australia,4500,2,801.03,57.9,26.35
Australia,4500,9,566.78,56.4,23.11
Indonesia,2200,9,581.95,83.2,14.92
Australia,4500,7,686.22,79.9,31.25
Indonesia,2200,7,826.17,42.4,15.68
Indonesia,2200,5,828.35,65.6,15.2
Indonesia,2200,7,717.75,40.3,16.2
Australia,4500,4,658.37,21.6,18.74
Indonesia,2200,8,807.12,60.0,17.2
Indonesia,2200,1,868.13,23.4,15.76
South Africa,3800,11,693.62,27.7,20.66
Indonesia,2200,12,624.42,76.6,16.84
Indonesia,2200,5,545.52,40.3,12.94
Australia,4500,8,538.66,55.7,27.21
Australia,4500,11,588.91,46.8,25.0
Indonesia,2200,5,544.61,70.9,15.26
Australia,4500,9,766.76,41.6,23.74
USA,8500,4,761.73,61.1,44.83
Australia,4500,3,802.7,59.1,26.05
USA,8500,2,869.44,27.4,39.68
South Africa,3800,5,588.33,57.8,21.34
Australia,4500,3,593.92,51.4,22.8
Australia,4500,12,717.86,64.8,28.37
Australia,4500,6,544.6,48.0,22.35
Indonesia,2200,3,744.51,62.2,15.75
South Africa,3800,9,709.27,36.2,20.58
Australia,4500,4,860.82,26.9,23.12
Australia,4500,6,745.07,44.3,24.22
Australia,4500,1,525.54,57.9,25.65
USA,8500,4,781.26,60.1,44.21
Indonesia,2200,6,871.72,26.6,13.05
Australia,4500,11,550.35,72.5,27.61
Indonesia,2200,4,676.39,67.0,15.05
South Africa,3800,9,761.44,65.6,23.02
Australia,4500,7,591.74,77.0,29.67
Australia,4500,2,542.51,49.8,22.77
Indonesia,2200,10,734.95,58.7,13.75
Indonesia,2200,3,697.66,38.4,12.56
Indonesia,2200,3,742.04,68.3,15.46
Australia,4500,10,673.9,33.4,23.44
Indonesia,2200,7,616.79,43.9,15.45
Indonesia,2200,5,668.08,76.8,16.1
South Africa,3800,6,673.94,48.8,21.27
Australia,4500,2,700.03,71.0,26.77
South Africa,3800,4,732.48,46.5,20.74
Australia,4500,1,795.2,46.6,26.55
Indonesia,2200,1,852.65,27.3,15.06
USA,8500,2,837.41,72.9,48.64
Indonesia,2200,3,810.1,20.5,12.41
South Africa,3800,9,648.48,43.0,20.74
Indonesia,2200,9,818.12,34.0,13.75
South Africa,3800,1,702.03,81.2,26.54
Indonesia,2200,5,845.28,25.0,12.57
South Africa,3800,5,763.7,74.5,24.63
Indonesia,2200,3,669.23,20.9,11.85
South Africa,3800,4,602.66,27.6,17.34
Australia,4500,8,830.67,54.6,28.91
South Africa,3800,1,669.11,67.6,25.14
Indonesia,2200,10,647.54,26.8,12.47
South Africa,3800,7,540.78,45.4,21.63
Australia,4500,12,725.89,84.1,31.54
Indonesia,2200,3,770.71,65.6,14.96
Australia,4500,2,637.92,55.5,24.26
USA,8500,1,698.45,80.7,51.95
South Africa,3800,8,769.15,33.4,23.32
Australia,4500,1,862.52,70.5,29.88
South Africa,3800,11,544.86,50.8,23.32
Indonesia,2200,12,837.36,67.5,17.53
Indonesia,2200,8,821.0,73.4,18.19
Australia,4500,9,711.37,53.2,25.55
Indonesia,2200,9,837.72,50.3,14.4
Indonesia,2200,3,621.12,33.5,12.29
Australia,4500,6,660.19,55.2,24.23
Australia,4500,6,676.05,84.8,28.12
South Africa,3800,3,599.24,42.8,19.53
Australia,4500,11,653.01,22.9,22.61
Australia,4500,11,656.52,74.0,28.53
South Africa,3800,2,798.21,55.6,23.01
Australia,4500,8,673.39,55.6,26.82
Indonesia,2200,4,570.52,63.6,14.64
South Africa,3800,11,581.16,32.7,20.59
USA,8500,7,737.95,48.2,48.58
Indonesia,2200,10,728.37,61.1,14.79
Indonesia,2200,6,659.04,58.3,13.63
Australia,4500,11,830.14,76.5,31.13
South Africa,3800,10,770.62,44.9,21.66
Indonesia,2200,2,865.06,48.0,15.52
South Africa,3800,3,749.09,41.1,22.18
Australia,4500,12,686.72,38.1,25.43
Australia,4500,5,813.38,70.6,27.78
Indonesia,2200,6,803.22,70.3,15.3
Australia,4500,5,613.45,22.2,21.02
Indonesia,2200,3,816.76,61.0,15.39
South Africa,3800,11,705.11,67.9,25.09
South Africa,3800,6,553.96,68.6,22.45
USA,8500,11,879.6,41.2,46.78
Indonesia,2200,10,522.06,50.3,12.31
Australia,4500,3,528.07,43.4,22.86
Indonesia,2200,11,524.93,25.2,12.22
Australia,4500,11,521.92,81.0,29.18
South Africa,3800,10,660.61,24.5,19.41
Indonesia,2200,11,728.38,57.0,16.27
Indonesia,2200,11,854.49,42.2,14.21
USA,8500,12,697.89,76.0,51.03
South Africa,3800,6,733.54,23.5,20.08
Indonesia,2200,2,559.62,80.1,15.09
South Africa,3800,7,768.72,65.3,25.48
Australia,4500,7,735.75,31.7,26.24
Indonesia,2200,6,728.7,49.4,13.98
South Africa,3800,4,865.93,54.8,21.82
South Africa,3800,2,726.14,38.0,20.28
South Africa,3800,8,733.87,65.7,26.62
Australia,4500,10,550.44,59.4,23.56
Indonesia,2200,8,590.8,67.9,17.26
Australia,4500,9,879.01,22.0,22.46
USA,8500,8,858.68,70.4,55.7
Australia,4500,12,544.13,83.4,29.15
USA,8500,3,718.68,71.3,46.77
South Africa,3800,10,602.57,50.5,20.35
Australia,4500,5,710.76,84.0,27.99
Australia,4500,8,678.31,38.1,25.67
Australia,4500,8,566.68,36.7,25.75
Australia,4500,4,595.78,72.6,25.76
Indonesia,2200,8,549.79,51.5,14.93
Australia,4500,12,742.2,30.1,25.17
Australia,4500,8,744.64,37.8,26.45
South Africa,3800,1,679.03,84.0,27.28
Australia,4500,2,685.04,67.1,25.62
South Africa,3800,3,877.04,63.2,23.67
Indonesia,2200,8,653.73,32.7,13.91
South Africa,3800,9,697.32,51.4,21.04
Indonesia,2200,2,564.36,65.4,15.21
South Africa,3800,8,590.71,81.8,27.0
South Africa,3800,10,833.06,46.2,20.77
USA,8500,8,653.98,63.0,50.39
Australia,4500,3,598.74,31.9,20.97
Indonesia,2200,6,737.39,57.5,13.32
Indonesia,2200,3,858.0,78.1,17.04
Australia,4500,11,824.24,71.7,30.22
Australia,4500,5,834.67,36.2,23.04
Australia,4500,10,805.33,60.8,25.86
South Africa,3800,1,625.82,35.4,21.23
USA,8500,7,624.93,33.5,43.67
South Africa,3800,1,798.11,65.7,25.06
South Africa,3800,6,674.79,58.8,22.65
Australia,4500,5,794.64,23.0,21.67
South Africa,3800,3,741.45,79.2,24.61
Australia,4500,4,620.25,75.4,29.08
USA,8500,1,806.56,69.0,50.73
South Africa,3800,9,739.0,38.3,19.55
Australia,4500,1,739.88,33.0,24.58
Indonesia,2200,1,605.3,64.0,15.34
South Africa,3800,7,853.85,43.8,25.2
South Africa,3800,8,799.09,35.2,22.62
Australia,4500,1,639.59,39.1,24.62
South Africa,3800,6,764.26,40.6,20.39
Indonesia,2200,7,735.87,52.9,16.8
Australia,4500,4,764.12,55.3,25.2
Australia,4500,12,876.44,40.3,25.97
South Africa,3800,1,552.04,84.5,25.25
South Africa,3800,12,586.86,44.2,20.88
USA,8500,9,848.76,32.3,40.79
Australia,4500,6,758.29,68.8,27.15
USA,8500,5,561.33,81.2,47.13
Indonesia,2200,3,596.48,63.1,13.4
Indonesia,2200,4,792.69,39.2,12.64
Australia,4500,1,678.42,67.4,28.27
Indonesia,2200,4,563.16,67.8,15.08
South Africa,3800,6,765.58,81.7,24.96
South Africa,3800,8,561.97,55.5,23.41
USA,8500,12,783.88,62.8,50.73
Indonesia,2200,2,721.81,81.3,16.64
Australia,4500,11,808.35,26.8,23.49
Australia,4500,6,597.29,24.4,22.43
South Africa,3800,1,771.89,60.1,24.18
Indonesia,2200,11,789.34,56.5,16.25
Australia,4500,12,874.08,36.9,25.88
Australia,4500,7,561.65,21.8,23.52
South Africa,3800,6,601.55,59.9,21.87
Australia,4500,5,788.26,25.0,21.09
Indonesia,2200,8,576.99,23.4,12.88
Indonesia,2200,6,723.65,31.9,13.08
Australia,4500,6,794.28,70.8,26.77
Australia,4500,5,856.15,64.5,26.64
South Africa,3800,10,857.36,40.3,21.63
South Africa,3800,4,722.39,66.5,22.11
Australia,4500,12,561.89,59.8,26.49
Australia,4500,3,603.33,64.3,25.51
USA,8500,12,813.28,59.8,48.39
Australia,4500,4,668.74,63.9,25.17
Indonesia,2200,4,720.28,21.9,12.37
Indonesia,2200,3,603.3,52.7,12.89
Indonesia,2200,9,632.7,74.4,15.31
Australia,4500,9,622.85,25.9,20.78
Australia,4500,2,763.88,47.8,25.03
Australia,4500,5,522.9,81.3,26.75
Australia,4500,12,656.45,79.5,29.85
South Africa,3800,9,631.05,57.2,21.17
Australia,4500,11,721.39,73.9,29.95
Australia,4500,1,782.21,42.5,26.67
Indonesia,2200,6,678.61,28.6,13.58
South Africa,3800,10,529.28,59.2,20.09
Indonesia,2200,1,675.15,39.8,14.24
South Africa,3800,7,670.19,30.4,22.45
Australia,4500,9,807.0,67.1,26.31
Indonesia,2200,9,758.22,59.2,15.66
Australia,4500,3,604.6,74.0,26.17
Australia,4500,2,853.53,47.3,25.25
Australia,4500,11,671.2,20.6,22.86
USA,8500,9,803.45,39.9,42.0
Australia,4500,12,651.08,56.8,28.29
Indonesia,2200,7,717.95,23.3,14.97
South Africa,3800,11,810.03,34.6,22.34
USA,8500,4,682.02,41.9,40.08
Indonesia,2200,7,596.01,68.9,16.94
South Africa,3800,3,694.38,65.1,22.19
South Africa,3800,10,595.09,39.3,19.64
Indonesia,2200,4,666.78,28.2,13.11
Australia,4500,6,532.48,45.5,22.08
South Africa,3800,4,838.99,78.2,25.22
Australia,4500,7,560.01,62.1,28.28
Australia,4500,4,558.01,22.9,20.71
Indonesia,2200,11,649.77,63.6,15.66
USA,8500,10,701.66,27.6,37.8
Australia,4500,3,728.01,76.3,27.27
South Africa,3800,4,680.72,60.2,20.87
Indonesia,2200,7,856.4,64.8,17.87
Indonesia,2200,10,708.5,36.5,14.03
South Africa,3800,11,877.11,39.1,23.25
Australia,4500,8,704.19,24.0,24.01
Australia,4500,2,762.58,75.0,28.34
South Africa,3800,2,795.7,20.4,18.05
Australia,4500,4,619.33,70.0,26.4
Australia,4500,8,788.95,34.2,25.72
Australia,4500,6,563.92,65.6,25.28
South Africa,3800,9,687.52,20.9,17.52
Australia,4500,2,823.13,51.4,25.78
Indonesia,2200,6,626.54,63.1,15.33
USA,8500,12,733.13,30.8,42.0
South Africa,3800,5,736.33,42.2,20.51
USA,8500,12,574.25,75.4,47.84
Indonesia,2200,4,860.53,39.2,14.43
Australia,4500,11,549.4,80.1,28.07
South Africa,3800,6,766.47,78.7,24.15
Indonesia,2200,7,565.46,72.9,17.05
South Africa,3800,5,557.24,46.1,20.52
Indonesia,2200,11,627.56,77.9,16.04
Australia,4500,8,841.99,73.5,32.05
Indonesia,2200,6,812.41,45.0,13.74
South Africa,3800,12,554.79,31.5,19.25
USA,8500,8,665.7,25.7,41.08
South Africa,3800,1,664.97,63.7,23.83
Indonesia,2200,3,651.28,68.0,14.5
South Africa,3800,4,791.25,76.7,24.59
South Africa,3800,6,553.3,70.7,22.99
Australia,4500,5,806.74,35.1,23.84
Australia,4500,8,866.85,27.0,27.67
South Africa,3800,4,754.68,74.1,23.45
USA,8500,7,604.15,61.5,50.41
Australia,4500,6,755.06,30.0,22.45
USA,8500,8,729.93,67.5,53.33
South Africa,3800,9,772.16,70.1,22.71
Australia,4500,3,848.08,21.4,21.8
Indonesia,2200,6,629.09,82.8,15.76
South Africa,3800,1,763.4,40.0,22.76
Indonesia,2200,2,730.44,83.0,14.89
Australia,4500,6,688.02,25.0,20.85
Australia,4500,4,664.25,27.5,21.61
Indonesia,2200,3,520.07,59.9,13.51
Australia,4500,7,669.39,67.5,31.12
Australia,4500,1,574.52,51.0,26.4
South Africa,3800,4,627.05,30.6,20.11
Indonesia,2200,4,784.37,33.6,13.31
South Africa,3800,9,555.49,27.6,17.84
Australia,4500,4,714.5,25.2,22.23
Australia,4500,12,836.36,56.3,28.16
Indonesia,2200,4,741.18,54.0,14.22
South Africa,3800,6,691.66,61.0,20.91
Indonesia,2200,2,630.51,32.7,11.96
USA,8500,10,583.78,66.9,44.6
Australia,4500,6,689.03,47.5,24.31
Australia,4500,6,551.01,72.9,26.56
Australia,4500,5,678.35,61.9,25.12
South Africa,3800,11,685.36,68.9,24.66
USA,8500,12,537.41,73.3,48.11
Australia,4500,8,719.69,73.7,31.67
South Africa,3800,9,680.34,20.9,18.66
Australia,4500,12,525.16,51.1,24.84
Australia,4500,6,541.45,59.3,24.3
Australia,4500,7,654.57,60.6,29.73
Australia,4500,3,586.41,33.1,21.39
Australia,4500,3,838.08,37.6,23.76
Australia,4500,4,522.64,21.7,20.81
USA,8500,9,720.83,82.4,50.53
Australia,4500,7,535.86,32.0,25.65
Australia,4500,11,732.12,49.5,26.84
South Africa,3800,2,581.16,28.3,18.51
Australia,4500,9,541.28,64.9,24.11
Indonesia,2200,9,571.32,44.8,12.77
Australia,4500,9,539.95,41.5,22.39
Indonesia,2200,9,669.56,21.6,11.48
Australia,4500,3,868.41,55.7,25.82
USA,8500,7,661.53,35.4,44.8
South Africa,3800,2,639.52,70.8,23.49
South Africa,3800,9,753.08,74.8,24.71
USA,8500,12,696.35,61.0,47.09
Indonesia,2200,6,585.12,71.9,15.81
South Africa,3800,11,653.96,53.9,22.43
Australia,4500,1,864.59,77.9,30.62
Indonesia,2200,7,724.68,23.8,15.54
South Africa,3800,3,662.56,28.6,19.83
South Africa,3800,7,732.05,81.0,27.05
Australia,4500,1,756.13,32.9,23.93
Australia,4500,8,611.63,50.7,26.66
Australia,4500,11,614.02,65.2,28.29
Indonesia,2200,1,567.95,37.0,14.02
South Africa,3800,1,769.85,31.9,20.88
USA,8500,6,552.87,40.7,37.47
Australia,4500,3,582.79,50.7,23.74
South Africa,3800,8,707.7,78.3,26.83
Australia,4500,1,830.2,57.5,28.32
Indonesia,2200,3,740.19,39.2,14.07
Australia,4500,10,585.08,37.5,21.78
Australia,4500,6,732.28,24.4,21.2
Indonesia,2200,11,551.6,31.2,12.4
Australia,4500,4,649.74,59.3,25.05
Australia,4500,8,760.8,71.9,32.51
Indonesia,2200,2,813.79,21.2,11.57
Indonesia,2200,9,836.71,23.2,12.95
Australia,4500,3,845.16,21.6,21.91
Australia,4500,12,648.37,79.3,29.34
Indonesia,2200,12,595.49,83.5,16.65
South Africa,3800,7,658.94,44.3,22.98
Australia,4500,2,867.48,47.8,24.64
South Africa,3800,7,701.6,40.3,24.34
Indonesia,2200,3,663.38,20.4,11.43
South Africa,3800,8,817.08,71.7,28.12
Australia,4500,3,864.27,44.5,24.34
Australia,4500,9,845.17,37.4,23.64
South Africa,3800,7,828.6,69.7,28.88
Australia,4500,8,555.1,75.5,29.41
Indonesia,2200,11,703.81,27.8,13.55
Australia,4500,3,583.77,20.3,19.81
Indonesia,2200,7,790.66,72.8,17.97
USA,8500,6,829.06,28.6,40.28
Indonesia,2200,4,744.99,61.5,15.5
Australia,4500,7,778.29,50.9,28.23
Australia,4500,11,763.59,61.3,28.81
South Africa,3800,5,704.0,59.3,22.94
Indonesia,2200,4,856.19,46.1,14.21
South Africa,3800,1,629.53,29.1,19.3
Australia,4500,6,645.93,76.1,27.37
Australia,4500,3,746.67,76.1,27.52
Australia,4500,12,709.92,31.2,24.17
Australia,4500,7,836.77,52.9,28.44
USA,8500,6,690.64,49.3,41.98
Indonesia,2200,4,671.99,71.0,15.61
South Africa,3800,1,569.45,38.0,20.55
Australia,4500,4,704.63,40.9,23.86
Australia,4500,9,725.47,51.1,24.55
Indonesia,2200,2,520.08,79.5,15.54
Australia,4500,6,783.83,77.0,28.39
Indonesia,2200,1,774.0,40.0,14.68
Indonesia,2200,1,778.74,27.2,13.81
Australia,4500,6,558.89,35.1,21.23
South Africa,3800,8,808.86,42.2,24.61
South Africa,3800,7,813.43,77.0,28.43
Australia,4500,2,685.86,84.3,28.73
South Africa,3800,10,722.47,38.2,20.4
Australia,4500,2,555.05,65.9,25.17
Australia,4500,11,637.32,82.0,29.63
Australia,4500,6,720.0,38.9,22.51
South Africa,3800,6,871.9,72.5,24.64
Indonesia,2200,2,627.15,39.4,14.23
Australia,4500,9,823.95,79.5,27.92
Australia,4500,2,847.39,32.4,23.95
Indonesia,2200,6,548.03,82.1,15.88
Australia,4500,6,524.76,53.3,23.19
Indonesia,2200,10,700.89,20.9,12.24
Indonesia,2200,4,791.63,49.0,15.9
South Africa,3800,2,580.32,40.2,20.52
Indonesia,2200,4,758.81,27.7,12.8
South Africa,3800,3,655.85,46.9,20.39
Australia,4500,11,861.2,29.2,24.79
Indonesia,2200,1,702.93,60.3,14.37
Indonesia,2200,3,589.13,29.5,10.85
USA,8500,7,788.46,73.7,55.06
Indonesia,2200,4,748.83,43.1,13.9
Australia,4500,2,767.97,55.9,25.17
USA,8500,10,723.18,80.6,47.45
South Africa,3800,11,776.56,32.6,20.09
Australia,4500,2,838.13,42.3,22.9
Indonesia,2200,6,546.02,57.4,14.27
Australia,4500,5,659.25,25.2,21.8
Australia,4500,8,715.83,35.1,25.75
Australia,4500,8,630.76,80.2,31.62
Australia,4500,8,777.29,35.6,25.36
Australia,4500,1,590.36,30.8,22.94
USA,8500,2,592.45,77.9,47.72
South Africa,3800,12,537.86,36.7,20.59
South Africa,3800,5,834.15,25.7,20.81
Australia,4500,1,680.15,51.8,26.25
Australia,4500,10,719.28,39.5,22.12
Indonesia,2200,1,825.45,43.6,14.74
Indonesia,2200,5,736.5,42.0,13.28
Indonesia,2200,1,538.45,46.1,14.35
Indonesia,2200,10,730.03,50.2,13.9
Indonesia,2200,11,560.62,58.8,16.77
South Africa,3800,9,693.74,34.0,19.57
South Africa,3800,12,866.36,54.8,24.82
South Africa,3800,2,760.02,53.2,21.45
Australia,4500,7,607.25,63.1,28.55
Indonesia,2200,12,785.74,75.7,17.27
Indonesia,2200,4,670.58,40.1,13.78
USA,8500,6,699.01,31.6,37.65
Australia,4500,3,642.4,76.5,27.48
Australia,4500,7,825.12,31.8,25.55
Indonesia,2200,5,562.88,29.1,12.13
Australia,4500,10,534.94,40.9,22.96
Indonesia,2200,3,630.26,37.2,13.12
Indonesia,2200,6,709.93,36.8,12.99
South Africa,3800,12,540.63,31.3,19.57
Indonesia,2200,5,742.19,83.0,16.54
Indonesia,2200,2,586.16,41.3,13.24
South Africa,3800,9,736.89,51.8,20.25
South Africa,3800,10,812.73,36.7,20.76
Indonesia,2200,10,677.05,62.8,13.68
South Africa,3800,2,545.1,78.1,22.58
Australia,4500,9,638.04,67.9,25.82
Australia,4500,7,534.74,23.2,22.86
South Africa,3800,6,694.61,25.6,18.82
South Africa,3800,7,694.06,47.9,24.2
Australia,4500,9,684.45,75.0,26.76
Indonesia,2200,10,542.3,57.5,13.64
Australia,4500,2,664.83,47.6,24.78
South Africa,3800,1,823.84,37.1,21.76
South Africa,3800,2,742.02,76.0,24.81
Australia,4500,8,558.38,43.8,25.03
Australia,4500,4,877.58,76.5,29.08
Australia,4500,9,622.67,61.0,26.77
South Africa,3800,3,592.53,37.2,18.76
Australia,4500,5,579.26,24.2,20.6
Australia,4500,3,826.74,56.3,25.31
Australia,4500,12,711.82,75.9,29.49
Indonesia,2200,5,661.87,75.3,15.33
Indonesia,2200,9,666.31,77.2,15.59
South Africa,3800,10,778.92,37.7,21.01
South Africa,3800,7,793.74,64.0,26.05
Australia,4500,4,792.32,50.8,25.42
Australia,4500,5,688.68,29.6,21.14
USA,8500,8,594.16,81.9,53.56
Australia,4500,12,680.5,73.1,29.15
Indonesia,2200,12,701.93,46.2,15.78
Australia,4500,2,856.74,68.8,28.55
USA,8500,10,650.83,81.0,46.84
Indonesia,2200,8,852.52,84.8,18.42
Australia,4500,6,631.71,45.9,22.93
USA,8500,2,536.92,42.0,38.22
South Africa,3800,2,808.66,48.2,21.52
USA,8500,9,637.44,69.2,45.15
Australia,4500,9,568.0,35.8,22.18
Australia,4500,2,690.75,30.9,22.02
Australia,4500,11,540.66,57.9,27.08
South Africa,3800,1,621.63,58.0,23.87
Australia,4500,1,769.02,63.0,28.29
USA,8500,3,705.22,75.7,46.97
South Africa,3800,10,729.55,71.9,23.4
South Africa,3800,12,691.17,69.2,25.55
Indonesia,2200,2,830.67,51.2,14.62
South Africa,3800,12,593.44,73.7,24.13
South Africa,3800,7,869.86,53.3,25.5
Indonesia,2200,2,583.24,53.4,12.66
Indonesia,2200,3,689.79,34.8,12.72
USA,8500,5,522.57,49.7,39.22
Australia,4500,7,840.81,49.9,28.19
Australia,4500,5,548.52,23.1,21.07
Australia,4500,4,738.12,47.8,24.24
South Africa,3800,10,610.31,53.1,21.57
USA,8500,7,640.89,60.0,47.43
Australia,4500,12,614.58,50.7,26.09
Australia,4500,9,620.44,46.3,22.86
Australia,4500,6,543.0,24.8,20.68
Australia,4500,2,629.16,82.8,27.29
South Africa,3800,7,805.91,60.6,26.35
USA,8500,8,552.88,30.5,41.9
Australia,4500,2,681.98,65.0,26.22
Indonesia,2200,7,832.18,82.1,19.21
Australia,4500,4,871.88,75.5,28.26
South Africa,3800,8,541.26,37.7,21.61
Australia,4500,3,740.08,44.1,23.55
Indonesia,2200,3,524.92,78.2,15.13
South Africa,3800,11,643.14,72.6,24.74
Australia,4500,1,790.22,35.3,24.95
Australia,4500,6,680.39,82.9,27.58
South Africa,3800,2,755.56,76.7,23.93
USA,8500,2,653.94,26.0,36.05
South Africa,3800,9,832.14,35.9,20.06
Indonesia,2200,4,636.28,77.8,14.76
Australia,4500,6,616.04,27.8,21.11
Indonesia,2200,9,647.25,40.5,13.1
South Africa,3800,5,776.02,20.4,18.78
Indonesia,2200,12,874.0,35.7,15.81
Indonesia,2200,3,738.64,25.8,12.31
South Africa,3800,10,620.18,45.7,20.45
Indonesia,2200,6,823.77,49.9,14.16
USA,8500,3,544.81,51.4,40.23
Australia,4500,8,835.97,25.8,24.99
Indonesia,2200,10,522.66,53.1,14.24
Australia,4500,6,871.52,82.1,28.81
Australia,4500,6,649.12,37.4,23.08
South Africa,3800,4,788.78,20.8,18.12
Australia,4500,1,772.56,20.6,23.56
South Africa,3800,4,583.37,76.3,22.25
Indonesia,2200,12,680.68,67.3,16.17
Indonesia,2200,7,538.93,26.8,14.5
South Africa,3800,9,790.65,56.9,24.03
Australia,4500,3,613.86,53.7,23.61
South Africa,3800,4,706.75,23.3,19.02
Australia,4500,7,626.72,80.4,31.13
Australia,4500,9,719.43,39.4,22.72
South Africa,3800,6,774.74,26.9,19.78
Indonesia,2200,9,677.91,22.5,12.6
South Africa,3800,1,752.71,49.8,22.86
South Africa,3800,5,831.83,52.4,22.23
Australia,4500,10,675.52,84.9,27.81
South Africa,3800,2,835.77,54.3,22.29
South Africa,3800,11,847.84,48.3,23.88
South Africa,3800,10,743.75,34.3,19.54
South Africa,3800,5,568.07,45.1,20.28
South Africa,3800,6,750.08,42.2,18.74
USA,8500,3,804.07,59.2,44.26
Australia,4500,4,815.86,62.0,25.81
South Africa,3800,3,714.11,36.6,20.47
South Africa,3800,3,554.93,24.2,18.49
South Africa,3800,10,539.84,47.7,20.56
South Africa,3800,12,663.27,80.5,25.77
Australia,4500,1,873.18,63.0,29.56
Indonesia,2200,12,540.55,42.3,14.54
Indonesia,2200,1,524.29,29.1,13.14
Indonesia,2200,11,815.65,35.9,14.83
South Africa,3800,9,835.76,35.8,19.68
Australia,4500,3,747.18,21.6,21.62
Indonesia,2200,8,823.74,48.5,16.75
Australia,4500,10,791.12,67.3,25.6
Indonesia,2200,6,664.41,81.6,15.29
South Africa,3800,6,593.03,84.9,23.66
South Africa,3800,9,734.68,37.8,20.98
Indonesia,2200,5,841.52,64.8,16.69
Australia,4500,10,566.75,64.0,24.15
Australia,4500,3,736.81,41.0,23.87
Indonesia,2200,10,773.18,74.2,15.56
South Africa,3800,1,675.52,22.1,20.35
USA,8500,9,579.94,66.3,43.31
South Africa,3800,10,694.09,21.0,17.94
USA,8500,8,700.22,79.3,54.79
Australia,4500,9,646.28,74.1,25.96
South Africa,3800,4,681.27,46.4,20.11
South Africa,3800,11,684.81,36.8,20.55
Indonesia,2200,1,557.25,62.7,15.45
USA,8500,12,707.52,50.5,46.12
Australia,4500,6,640.85,57.3,26.27
Australia,4500,3,566.92,61.8,26.4
Australia,4500,5,716.19,25.6,21.32
Australia,4500,2,713.42,64.0,25.65
Indonesia,2200,7,526.36,26.7,13.54
South Africa,3800,3,819.66,84.5,24.51
Australia,4500,4,522.46,50.4,22.45
Australia,4500,3,807.48,27.0,22.91
Indonesia,2200,5,814.16,49.1,13.39
Australia,4500,5,794.37,80.9,28.44
USA,8500,1,863.02,35.6,44.43
Indonesia,2200,9,521.33,30.6,13.74
Australia,4500,6,778.98,21.8,22.63
Australia,4500,12,843.33,80.8,30.24
USA,8500,2,734.58,27.0,38.71
USA,8500,6,547.65,46.9,39.29
Indonesia,2200,4,849.69,52.7,14.46
USA,8500,9,542.23,67.7,43.6
South Africa,3800,2,617.82,73.0,22.4
Australia,4500,3,746.69,47.1,24.17
Australia,4500,12,569.58,23.5,23.08
Indonesia,2200,2,630.12,51.4,14.46
Australia,4500,10,783.47,31.3,23.67
Australia,4500,6,729.61,39.5,22.46
Australia,4500,9,813.78,48.1,25.16
Indonesia,2200,1,777.38,36.2,15.32
USA,8500,2,571.95,26.1,35.66
Indonesia,2200,12,743.91,77.3,16.79
USA,8500,3,826.57,76.1,50.01
Australia,4500,7,860.38,61.1,30.12
South Africa,3800,3,706.49,20.5,19.46
South Africa,3800,3,616.91,83.8,23.52
Australia,4500,12,646.62,48.6,25.79
South Africa,3800,12,760.94,49.1,22.71
South Africa,3800,2,540.06,79.3,23.0
South Africa,3800,1,723.71,79.6,27.37
Indonesia,2200,6,520.27,58.6,14.48
Australia,4500,10,849.34,41.8,25.36
USA,8500,7,856.56,61.4,53.0
Australia,4500,9,744.26,49.0,25.13
Indonesia,2200,11,538.29,50.4,14.39
Indonesia,2200,7,622.75,58.1,16.23
Australia,4500,7,630.32,82.5,31.51
Australia,4500,2,556.16,53.1,23.65
Australia,4500,8,660.18,67.6,28.94
Australia,4500,6,534.96,33.4,21.87
USA,8500,10,557.31,65.7,42.54
USA,8500,3,666.86,83.7,47.59
Indonesia,2200,9,531.34,27.9,12.63
South Africa,3800,5,811.94,46.0,21.62
USA,8500,6,707.28,22.4,37.16
Indonesia,2200,10,857.14,73.7,15.76
Indonesia,2200,8,715.13,82.9,18.64
Australia,4500,1,618.48,46.0,24.36
USA,8500,12,536.05,29.3,39.24
USA,8500,7,735.77,42.2,46.75
USA,8500,5,685.44,52.4,42.63
South Africa,3800,10,694.7,29.7,18.89
South Africa,3800,3,829.58,33.8,19.85
South Africa,3800,5,730.58,37.3,20.27
Australia,4500,6,814.42,83.6,26.94
Indonesia,2200,8,707.52,63.5,17.1
Indonesia,2200,4,670.47,75.5,15.4
Indonesia,2200,9,556.68,21.0,11.51
South Africa,3800,12,648.18,71.3,25.18
Australia,4500,9,794.73,72.1,26.67
Australia,4500,4,733.69,28.3,21.36
Indonesia,2200,7,827.14,57.8,16.91
Australia,4500,5,857.02,53.4,25.83
Australia,4500,3,806.87,42.2,24.58
Indonesia,2200,1,819.5,46.2,15.26
South Africa,3800,11,847.0,59.3,23.46
South Africa,3800,9,558.46,35.5,18.96
Australia,4500,1,532.66,41.0,24.17
South Africa,3800,8,549.52,39.4,21.27
Australia,4500,9,699.11,37.9,23.77
Indonesia,2200,9,775.35,21.4,13.36
Australia,4500,1,860.31,79.6,30.89
South Africa,3800,10,814.59,64.4,23.59
South Africa,3800,11,846.13,28.2,21.16
Australia,4500,8,604.37,28.0,24.43
Indonesia,2200,11,852.38,55.4,15.46
Australia,4500,10,697.68,49.5,23.32
Australia,4500,11,879.81,72.1,30.48
Indonesia,2200,4,781.91,27.5,13.98
Australia,4500,2,590.2,40.4,23.14
South Africa,3800,4,667.78,80.7,24.69
South Africa,3800,8,873.2,68.1,27.74
Australia,4500,2,580.52,53.3,25.37
USA,8500,12,714.48,23.3,40.08
Australia,4500,12,764.79,33.2,24.65
USA,8500,2,782.77,77.8,50.12
Australia,4500,8,666.67,84.1,31.82
Australia,4500,11,577.43,77.6,28.2
Australia,4500,12,581.49,32.8,23.97
Australia,4500,7,559.65,45.3,24.97
Australia,4500,6,627.0,28.8,21.82
South Africa,3800,2,879.95,20.1,18.7
South Africa,3800,8,607.64,74.7,25.7
USA,8500,6,614.56,69.9,45.86
USA,8500,11,641.4,46.1,43.98
Australia,4500,8,607.67,80.6,30.33
Australia,4500,2,575.23,43.8,22.14
Indonesia,2200,8,588.54,43.8,14.9
Australia,4500,5,563.69,84.1,26.67
South Africa,3800,12,521.43,52.6,22.88
Australia,4500,10,823.53,61.9,27.11
Indonesia,2200,7,554.15,55.4,16.06
Indonesia,2200,3,738.42,30.8,13.36
Australia,4500,3,841.07,38.7,24.57
Australia,4500,10,664.12,55.7,25.7
Indonesia,2200,1,837.82,50.7,16.45
South Africa,3800,5,870.91,74.8,24.94
Australia,4500,8,843.82,81.2,32.95
Indonesia,2200,2,682.99,74.3,16.44
Indonesia,2200,8,809.39,53.1,17.69
Australia,4500,4,594.7,57.0,24.22
USA,8500,2,629.06,68.4,45.43
USA,8500,5,877.35,65.4,48.29
Indonesia,2200,2,632.14,70.9,14.33
South Africa,3800,11,747.23,30.6,21.26
Australia,4500,2,709.34,72.6,28.74
Australia,4500,4,782.23,40.6,23.12
South Africa,3800,10,753.18,21.9,18.39
South Africa,3800,9,649.6,25.0,17.49
Indonesia,2200,9,667.13,50.3,12.62
Australia,4500,1,872.41,45.1,26.59
Australia,4500,8,580.57,32.3,23.6
South Africa,3800,12,609.09,61.9,24.21
South Africa,3800,7,618.52,83.7,27.56
South Africa,3800,11,583.12,20.7,19.47
South Africa,3800,10,714.6,49.8,20.91
USA,8500,7,595.26,75.2,51.95
South Africa,3800,2,729.57,43.2,21.29
Australia,4500,1,818.87,63.2,29.11
USA,8500,11,709.28,66.7,49.06
South Africa,3800,5,868.43,77.8,25.45
Australia,4500,3,841.14,67.6,28.88
South Africa,3800,7,620.72,56.7,24.25
Indonesia,2200,1,876.63,38.1,14.42
South Africa,3800,8,678.62,75.7,27.3
Australia,4500,4,865.68,62.9,27.19
South Africa,3800,8,633.25,53.3,24.68
Australia,4500,9,631.96,77.6,26.59
Indonesia,2200,7,794.3,52.8,16.56
Australia,4500,6,731.23,26.7,22.13
Indonesia,2200,8,802.39,52.0,16.92
Australia,4500,9,705.47,70.4,26.11
South Africa,3800,5,656.32,82.0,24.24
Indonesia,2200,8,780.22,22.1,14.69
South Africa,3800,2,879.81,60.5,22.19
South Africa,3800,2,878.87,48.0,21.67
Australia,4500,8,588.85,60.0,27.75
Australia,4500,12,768.8,77.4,30.05
USA,8500,3,812.13,23.6,37.93
USA,8500,4,781.47,34.3,40.23
South Africa,3800,6,868.82,66.4,23.85
Australia,4500,6,789.86,67.3,27.43
South Africa,3800,5,744.13,20.7,18.56
USA,8500,11,672.77,66.5,47.68
South Africa,3800,10,774.15,35.5,19.51
Indonesia,2200,7,529.3,34.4,12.89
Indonesia,2200,7,548.82,50.8,15.86
USA,8500,7,645.59,80.0,54.2
Australia,4500,1,824.38,71.9,28.88
Indonesia,2200,2,595.39,54.9,14.02
Indonesia,2200,4,596.25,71.5,14.75
Indonesia,2200,2,603.74,27.5,13.0
Australia,4500,10,547.15,36.3,22.3
South Africa,3800,3,744.43,83.1,24.89
South Africa,3800,12,706.85,83.7,27.13
Australia,4500,10,679.14,41.7,24.06
South Africa,3800,4,626.06,36.8,19.93
South Africa,3800,9,665.21,64.0,22.09
Australia,4500,6,770.92,56.4,24.69
South Africa,3800,4,682.85,31.0,18.07
South Africa,3800,8,617.45,44.1,23.62
USA,8500,6,551.18,63.5,42.86
South Africa,3800,11,778.85,38.7,21.7
Australia,4500,3,658.25,75.5,25.99
Indonesia,2200,12,610.72,79.8,17.5
South Africa,3800,4,596.42,53.8,22.53
South Africa,3800,10,566.46,54.9,20.76
Indonesia,2200,10,737.96,23.7,12.73
Indonesia,2200,2,782.26,33.0,13.23
Indonesia,2200,6,666.29,51.5,12.51
South Africa,3800,12,870.17,38.6,22.58
Indonesia,2200,7,668.33,29.0,13.99
Indonesia,2200,2,861.23,24.5,14.34
Australia,4500,10,681.93,69.2,25.73
Indonesia,2200,6,842.11,37.4,14.26
Indonesia,2200,9,829.23,25.8,12.75
Indonesia,2200,4,667.15,47.9,14.21
Australia,4500,10,782.59,56.4,27.28
Australia,4500,3,644.82,68.5,26.14
Australia,4500,6,662.04,71.5,26.69
Australia,4500,8,810.77,36.0,27.02
Australia,4500,10,535.64,37.0,22.45
Indonesia,2200,11,831.19,40.1,13.98
South Africa,3800,4,807.62,72.2,23.2
South Africa,3800,10,809.16,56.5,23.01
Australia,4500,10,657.69,39.8,23.71
Australia,4500,7,656.42,39.7,26.96
USA,8500,5,608.03,34.8,38.07
Australia,4500,9,603.55,66.1,25.57
South Africa,3800,3,773.93,35.8,20.4
South Africa,3800,1,839.26,77.8,27.68
Australia,4500,1,828.8,50.8,27.57
Australia,4500,11,856.04,42.4,26.63
USA,8500,2,839.87,48.7,43.0
Australia,4500,10,560.77,57.1,24.07
USA,8500,5,676.2,68.6,46.18
USA,8500,5,623.46,56.3,42.04
Australia,4500,9,583.21,31.5,21.38
USA,8500,9,623.26,38.2,38.82
Australia,4500,9,715.85,56.4,24.95
South Africa,3800,5,837.27,41.3,20.44
South Africa,3800,8,576.49,21.0,20.54
Australia,4500,10,539.71,43.1,22.89
Australia,4500,4,834.91,81.0,26.49
Indonesia,2200,1,718.2,73.7,16.33
Australia,4500,1,611.68,84.9,28.63
Australia,4500,1,709.65,23.7,23.04
South Africa,3800,11,803.82,73.2,25.81
USA,8500,8,640.13,40.6,44.5
Australia,4500,6,856.87,58.8,26.38
Indonesia,2200,12,707.32,83.4,17.15
Australia,4500,12,866.39,38.8,26.46
Indonesia,2200,5,636.35,80.8,14.93
Australia,4500,11,577.38,82.9,28.11
USA,8500,9,778.91,68.4,45.52
Indonesia,2200,7,681.59,58.9,16.7
Australia,4500,10,675.49,45.1,24.18
Australia,4500,11,784.77,84.5,32.17
South Africa,3800,7,545.89,79.1,24.97
Australia,4500,2,630.3,29.9,21.87
Australia,4500,9,549.85,60.3,24.97
South Africa,3800,2,585.03,51.6,20.41
Indonesia,2200,5,796.2,33.4,13.03
USA,8500,11,857.2,26.9,41.5
Indonesia,2200,3,703.59,49.9,13.94
Indonesia,2200,10,561.55,72.1,13.37
South Africa,3800,9,602.7,33.0,19.1
Australia,4500,6,603.15,72.1,25.81
Indonesia,2200,5,545.09,23.8,12.04
Australia,4500,4,656.57,79.2,27.6
South Africa,3800,12,831.77,31.2,23.0
Australia,4500,9,771.31,61.5,26.53
Australia,4500,7,673.76,28.4,24.79
Australia,4500,5,657.78,69.2,26.56
Australia,4500,9,832.17,63.7,26.87
Indonesia,2200,11,870.41,71.4,16.93
Australia,4500,11,680.84,20.5,22.31
South Africa,3800,5,625.41,44.4,20.94
South Africa,3800,6,663.9,82.0,23.14
Australia,4500,1,826.15,46.9,27.46
Australia,4500,10,736.61,23.9,22.45
South Africa,3800,9,647.29,28.6,17.4
Indonesia,2200,6,713.18,80.8,16.24
Australia,4500,7,534.5,72.3,29.3
Australia,4500,4,808.79,42.7,23.68
Indonesia,2200,9,684.03,65.9,15.31
Indonesia,2200,1,533.97,32.1,13.7
Australia,4500,3,820.92,26.6,22.89
Indonesia,2200,5,610.17,72.4,14.58
South Africa,3800,5,533.11,78.7,22.46
Australia,4500,4,602.14,68.1,26.12
Indonesia,2200,7,697.6,22.6,13.73
USA,8500,1,521.05,20.6,36.92
South Africa,3800,12,830.83,79.6,27.41
USA,8500,5,830.67,37.3,41.49
Australia,4500,2,855.75,44.9,26.5
Indonesia,2200,1,806.3,28.8,14.87
Australia,4500,3,694.17,51.9,24.36
Australia,4500,1,683.84,56.1,26.25
Australia,4500,12,677.17,61.2,25.92
South Africa,3800,3,659.72,35.7,19.63
Australia,4500,7,744.34,24.8,25.39
South Africa,3800,1,540.98,79.9,24.99
Australia,4500,4,675.8,51.5,24.98
South Africa,3800,8,732.45,54.1,24.82
Indonesia,2200,1,565.76,43.2,14.35
South Africa,3800,2,755.52,37.9,19.95
South Africa,3800,9,608.11,77.3,22.59
South Africa,3800,5,850.58,46.5,21.77
USA,8500,4,637.68,20.7,34.99
Indonesia,2200,7,846.69,28.0,15.58
South Africa,3800,1,545.37,38.1,20.79
Australia,4500,11,790.84,79.3,31.38
Indonesia,2200,6,785.87,76.3,17.73
South Africa,3800,7,785.05,70.3,26.76
South Africa,3800,2,856.09,66.8,25.16
Indonesia,2200,6,702.04,25.0,13.13
Australia,4500,5,840.48,37.6,23.02
Indonesia,2200,11,634.64,67.5,16.76
Australia,4500,2,746.52,65.5,25.79
Indonesia,2200,11,744.71,28.6,13.3
USA,8500,11,839.26,44.6,46.99
Indonesia,2200,3,556.34,82.5,15.17
Australia,4500,1,873.32,28.8,26.24
Australia,4500,4,602.12,79.9,25.74
South Africa,3800,10,849.23,27.3,20.66
Indonesia,2200,1,583.51,72.8,15.56
Indonesia,2200,8,615.43,67.7,17.02
South Africa,3800,7,706.62,27.3,21.34
Australia,4500,10,859.68,78.7,27.77
Indonesia,2200,8,827.53,70.8,18.34
South Africa,3800,12,628.82,78.2,25.35
USA,8500,9,716.7,57.0,44.28
Australia,4500,7,536.58,55.4,25.83
Australia,4500,12,571.42,65.2,27.39
USA,8500,7,735.96,65.2,51.59
Indonesia,2200,11,692.84,54.8,15.14
South Africa,3800,11,615.5,78.8,24.67
Australia,4500,1,538.18,22.9,21.69
Australia,4500,6,814.12,46.6,25.84
Australia,4500,6,548.68,23.2,19.15
Indonesia,2200,10,867.01,61.7,14.14
Australia,4500,10,835.0,39.6,24.2
South Africa,3800,6,538.16,26.8,17.9
Indonesia,2200,5,594.82,52.8,12.71
USA,8500,1,642.77,82.5,51.64
South Africa,3800,1,697.4,30.4,19.37
South Africa,3800,8,746.95,39.0,23.12
Australia,4500,1,534.61,79.4,28.05
Indonesia,2200,2,574.52,48.7,14.09
Indonesia,2200,11,650.53,24.3,12.76
USA,8500,6,603.72,59.5,44.01
South Africa,3800,3,589.76,33.9,18.54
South Africa,3800,9,587.82,23.7,18.47
Australia,4500,5,604.26,23.2,21.34
South Africa,3800,4,662.66,65.1,21.59
South Africa,3800,11,616.4,49.6,23.52
USA,8500,5,752.47,20.9,37.05
Australia,4500,5,580.64,69.4,25.77
Indonesia,2200,1,755.72,45.4,14.89
Australia,4500,8,654.35,52.1,26.79
USA,8500,2,706.9,39.4,40.47
South Africa,3800,9,614.69,30.6,18.02
Indonesia,2200,3,675.15,31.4,12.3
USA,8500,7,728.72,60.2,51.17
Australia,4500,7,753.95,21.6,24.32
